{
  "project_info": {
    "project_number": "328952161015",
    "project_id": "rapid-pay-5ef37",
    "storage_bucket": "rapid-pay-5ef37.appspot.com"
  },
  "client": [
    {
      "client_info": {
        "mobilesdk_app_id": "1:328952161015:android:80d49191dd538ee3c8a9f2",
        "android_client_info": {
          "package_name": "com.syntax.solution.rapidpay"
        }
      },
      "oauth_client": [
        {
          "client_id": "328952161015-uktknflp1cgd5uafbltsp1kkn23dfm1l.apps.googleusercontent.com",
          "client_type": 3
        }
      ],
      "api_key": [
        {
          "current_key": "AIzaSyD6lOICOQscce8b3FAfytn_rXH-E_FLSNI"
        }
      ],
      "services": {
        "appinvite_service": {
          "other_platform_oauth_client": [
            {
              "client_id": "328952161015-uktknflp1cgd5uafbltsp1kkn23dfm1l.apps.googleusercontent.com",
              "client_type": 3
            }
          ]
        }
      }
    }
  ],
  "configuration_version": "1"
}